feature,value,action,support,count,p_action_given_value,global_p_action,lift
open_profile,none,read_file,23498,4550,0.19363350072346583,0.13224285714285713,1.4642265367443674
open_profile,none,grep_search,23498,3057,0.13009617839816154,0.1416,0.9187583220209148
open_profile,none,list_directory,23498,3405,0.14490594944250573,0.061842857142857144,2.3431315456168633
open_profile,none,glob_pattern,23498,2044,0.08698612647884926,0.07548571428571428,1.1523521675850585
open_profile,none,edit_file,23498,2163,0.09205038726700145,0.15958571428571428,0.5768084422782295
open_profile,none,write_file,23498,1408,0.05991999319090986,0.021157142857142857,2.8321401238107295
open_profile,none,apply_patch,23498,341,0.014511873350923483,0.0689,0.21062225473038435
open_profile,none,run_bash,23498,2161,0.09196527364030982,0.0724,1.2702385861921244
open_profile,none,run_tests,23498,370,0.015746020937952167,0.06515714285714286,0.24166223759189906
open_profile,none,lint_or_typecheck,23498,147,0.00625585156183505,0.032614285714285714,0.19181323229454816
open_profile,none,ask_user,23498,1232,0.05242999404204613,0.038585714285714286,1.358792885206675
open_profile,none,plan_task,23498,1724,0.07336794620818793,0.038271428571428574,1.917042267477848
open_profile,none,web_search,23498,270,0.0114903396033705,0.018185714285714284,0.6318332853385192
open_profile,none,respond_only,23498,626,0.02664056515448123,0.07397142857142858,0.36014668999878063
open_profile,py_only,read_file,11393,1198,0.10515228649170544,0.13224285714285713,0.7951453013308178
open_profile,py_only,grep_search,11393,1624,0.1425436671640481,0.1416,1.006664316130283
open_profile,py_only,list_directory,11393,272,0.023874308786096726,0.061842857142857144,0.3860479591191432
open_profile,py_only,glob_pattern,11393,805,0.07065742122355832,0.07548571428571428,0.9360369957700763
open_profile,py_only,edit_file,11393,2202,0.19327657333450365,0.15958571428571428,1.211114504826359
open_profile,py_only,write_file,11393,17,0.0014921442991310454,0.021157142857142857,0.07052673932422227
open_profile,py_only,apply_patch,11393,1010,0.0886509260071974,0.0689,1.2866607548214426
open_profile,py_only,run_bash,11393,658,0.05775476169577811,0.0724,0.7977177029803606
open_profile,py_only,run_tests,11393,1080,0.09479504959185464,0.06515714285714286,1.4548681147620752
open_profile,py_only,lint_or_typecheck,11393,517,0.04537874133239709,0.032614285714285714,1.3913762125570723
open_profile,py_only,ask_user,11393,362,0.03177389625208461,0.038585714285714286,0.8234626944264801
open_profile,py_only,plan_task,11393,230,0.02018783463530238,0.038271428571428574,0.5274910132404503
open_profile,py_only,web_search,11393,312,0.027385236548758008,0.018185714285714284,1.5058653247549574
open_profile,py_only,respond_only,11393,1106,0.09707715263758449,0.07397142857142858,1.3123601167691992
open_profile,js_only,read_file,6527,658,0.10081201164394056,0.13224285714285713,0.7623248152831198
open_profile,js_only,grep_search,6527,847,0.129768653286349,0.1416,0.9164452915702613
open_profile,js_only,list_directory,6527,116,0.017772330320208366,0.061842857142857144,0.2873788686566379
open_profile,js_only,glob_pattern,6527,368,0.05638118584341964,0.07548571428571428,0.7469120001967023
open_profile,js_only,edit_file,6527,1359,0.20821204228588938,0.15958571428571428,1.3047035144581736
open_profile,js_only,write_file,6527,23,0.0035238241152137275,0.021157142857142857,0.1665548197602707
open_profile,js_only,apply_patch,6527,693,0.106174352688831,0.0689,1.540992056441669
open_profile,js_only,run_bash,6527,415,0.06358204381798682,0.0724,0.8782050251103152
open_profile,js_only,run_tests,6527,450,0.06894438486287728,0.06515714285714286,1.0581247402765643
open_profile,js_only,lint_or_typecheck,6527,513,0.0785965987436801,0.032614285714285714,2.4098825720795474
open_profile,js_only,ask_user,6527,165,0.025279607783055002,0.038585714285714286,0.655154588972177
open_profile,js_only,plan_task,6527,112,0.017159491343649455,0.038271428571428574,0.4483629690389928
open_profile,js_only,web_search,6527,213,0.03263367550176191,0.018185714285714284,1.7944676238203723
open_profile,js_only,respond_only,6527,595,0.09115979776313773,0.07397142857142858,1.2323649755541988
open_profile,mixed,read_file,4143,372,0.08979000724112962,0.13224285714285713,0.6789781254055389
open_profile,mixed,grep_search,4143,659,0.15906348056963554,0.1416,1.123329665039799
open_profile,mixed,list_directory,4143,68,0.016413227130098962,0.061842857142857144,0.2654021480958483
open_profile,mixed,glob_pattern,4143,281,0.06782524740526188,0.07548571428571428,0.8985176605541886
open_profile,mixed,edit_file,4143,624,0.15061549601737872,0.15958571428571428,0.9437905936099286
open_profile,mixed,write_file,4143,6,0.001448225923244026,0.021157142857142857,0.06845092142274262
open_profile,mixed,apply_patch,4143,596,0.14385710837557325,0.0689,2.087911587453893
open_profile,mixed,run_bash,4143,232,0.05599806903210234,0.0724,0.7734539921561095
open_profile,mixed,run_tests,4143,391,0.09437605599806903,0.06515714285714286,1.4484376057585688
open_profile,mixed,lint_or_typecheck,4143,175,0.04223992276128409,0.032614285714285714,1.2951356080989427
open_profile,mixed,ask_user,4143,119,0.028723147477673183,0.038585714285714286,0.7443984907208896
open_profile,mixed,plan_task,4143,78,0.01882693700217234,0.038271428571428574,0.4919319112176423
open_profile,mixed,web_search,4143,99,0.02389572773352643,0.018185714285714284,1.3139834574602123
open_profile,mixed,respond_only,4143,443,0.10692734733285059,0.07397142857142858,1.4455222698531365
open_profile,rs_only,read_file,2866,283,0.09874389392882066,0.13224285714285713,0.7466860294930805
open_profile,rs_only,grep_search,2866,407,0.14200976971388696,0.1416,1.002893853911631
open_profile,rs_only,list_directory,2866,51,0.01779483600837404,0.061842857142857144,0.2877427859981942
open_profile,rs_only,glob_pattern,2866,180,0.0628053035589672,0.07548571428571428,0.8320157549446828
open_profile,rs_only,edit_file,2866,564,0.19678995115143055,0.15958571428571428,1.2331301209023489
open_profile,rs_only,write_file,2866,1,0.0003489183531053733,0.021157142857142857,0.01649175200363007
open_profile,rs_only,apply_patch,2866,258,0.09002093510118632,0.0689,1.3065447765048812
open_profile,rs_only,run_bash,2866,169,0.058967201674808095,0.0724,0.8144641115304985
open_profile,rs_only,run_tests,2866,334,0.11653872993719469,0.06515714285714286,1.7885794991457198
open_profile,rs_only,lint_or_typecheck,2866,155,0.05408234473133287,0.032614285714285714,1.6582409685472188
open_profile,rs_only,ask_user,2866,107,0.037334263782274946,0.038585714285714286,0.9675669991703985
open_profile,rs_only,plan_task,2866,80,0.027913468248429867,0.038271428571428574,0.7293552733818927
open_profile,rs_only,web_search,2866,0,0.0,0.018185714285714284,0.0
open_profile,rs_only,respond_only,2866,277,0.09665038381018842,0.07397142857142858,1.306590742895556
open_profile,java_only,read_file,2183,235,0.10765002290426019,0.13224285714285713,0.8140327971587138
open_profile,java_only,grep_search,2183,289,0.13238662391204764,0.1416,0.934933784689602
open_profile,java_only,list_directory,2183,37,0.01694915254237288,0.061842857142857144,0.2740680706782402
open_profile,java_only,glob_pattern,2183,159,0.0728355474118186,0.07548571428571428,0.9648918090134939
open_profile,java_only,edit_file,2183,414,0.1896472743930371,0.15958571428571428,1.1883725008963029
open_profile,java_only,write_file,2183,1,0.0004580852038479157,0.021157142857142857,0.021651562639671912
open_profile,java_only,apply_patch,2183,191,0.0874942739349519,0.0689,1.2698733517409564
open_profile,java_only,run_bash,2183,108,0.049473202015574896,0.0724,0.6833315195521394
open_profile,java_only,run_tests,2183,290,0.13284470911589555,0.06515714285714286,2.0388357022829835
open_profile,java_only,lint_or_typecheck,2183,122,0.055886394869445716,0.032614285714285714,1.7135556902589575
open_profile,java_only,ask_user,2183,82,0.03756298671552909,0.038585714285714286,0.9734946575664702
open_profile,java_only,plan_task,2183,55,0.025194686211635363,0.038271428571428574,0.658315802469009
open_profile,java_only,web_search,2183,0,0.0,0.018185714285714284,0.0
open_profile,java_only,respond_only,2183,200,0.09161704076958314,0.07397142857142858,1.2385463217208998
open_profile,json_only,read_file,1782,161,0.09034792368125702,0.13224285714285713,0.6831970030990593
open_profile,json_only,grep_search,1782,242,0.13580246913580246,0.1416,0.9590569854223338
open_profile,json_only,list_directory,1782,38,0.02132435465768799,0.061842857142857144,0.34481515962997444
open_profile,json_only,glob_pattern,1782,115,0.06453423120089787,0.07548571428571428,0.8549197925932723
open_profile,json_only,edit_file,1782,368,0.20650953984287318,0.15958571428571428,1.2940352510071724
open_profile,json_only,write_file,1782,1,0.0005611672278338945,0.021157142857142857,0.02652377174096733
open_profile,json_only,apply_patch,1782,183,0.1026936026936027,0.0689,1.4904731885863962
open_profile,json_only,run_bash,1782,112,0.06285072951739619,0.0724,0.8681039988590633
open_profile,json_only,run_tests,1782,154,0.08641975308641975,0.06515714285714286,1.3263281552399435
open_profile,json_only,lint_or_typecheck,1782,110,0.06172839506172839,0.032614285714285714,1.892679655856762
open_profile,json_only,ask_user,1782,55,0.030864197530864196,0.038585714285714286,0.7998866446355031
open_profile,json_only,plan_task,1782,32,0.017957351290684626,0.038271428571428574,0.46921037340348026
open_profile,json_only,web_search,1782,49,0.02749719416386083,0.018185714285714284,1.5120216743678383
open_profile,json_only,respond_only,1782,162,0.09090909090909091,0.07397142857142858,1.228975736507602
open_profile,go_only,read_file,1774,176,0.0992108229988726,0.13224285714285713,0.7502168747889254
open_profile,go_only,grep_search,1774,271,0.1527621195039459,0.1416,1.0788285275702394
open_profile,go_only,list_directory,1774,37,0.020856820744081173,0.061842857142857144,0.33725512868692126
open_profile,go_only,glob_pattern,1774,140,0.07891770011273957,0.07548571428571428,1.0454653686396236
open_profile,go_only,edit_file,1774,333,0.18771138669673054,0.15958571428571428,1.1762417929255338
open_profile,go_only,write_file,1774,7,0.003945885005636978,0.021157142857142857,0.18650368021241626
open_profile,go_only,apply_patch,1774,165,0.09301014656144306,0.0689,1.3499295582212345
open_profile,go_only,run_bash,1774,159,0.08962795941375423,0.0724,1.237955240521467
open_profile,go_only,run_tests,1774,219,0.12344983089064261,0.06515714285714286,1.894647700579913
open_profile,go_only,lint_or_typecheck,1774,0,0.0,0.032614285714285714,0.0
open_profile,go_only,ask_user,1774,55,0.03100338218714769,0.038585714285714286,0.8034937997409619
open_profile,go_only,plan_task,1774,49,0.02762119503945885,0.038271428571428574,0.7217184220836579
open_profile,go_only,web_search,1774,0,0.0,0.018185714285714284,0.0
open_profile,go_only,respond_only,1774,163,0.09188275084554678,0.07397142857142858,1.242138385320254
open_profile,md_only,read_file,1443,153,0.10602910602910603,0.13224285714285713,0.8017756748447038
open_profile,md_only,grep_search,1443,239,0.16562716562716562,0.1416,1.1696833730732035
open_profile,md_only,list_directory,1443,19,0.013167013167013167,0.061842857142857144,0.21291081582141874
open_profile,md_only,glob_pattern,1443,99,0.06860706860706861,0.07548571428571428,0.9088748679967454
open_profile,md_only,edit_file,1443,293,0.20304920304920304,0.15958571428571428,1.2723520019196324
open_profile,md_only,write_file,1443,1,0.000693000693000693,0.021157142857142857,0.03275492809591392
open_profile,md_only,apply_patch,1443,153,0.10602910602910603,0.0689,1.5388839772003777
open_profile,md_only,run_bash,1443,98,0.06791406791406791,0.0724,0.9380396120727612
open_profile,md_only,run_tests,1443,113,0.07830907830907831,0.06515714285714286,1.2018494807356899
open_profile,md_only,lint_or_typecheck,1443,45,0.031185031185031187,0.032614285714285714,0.956177040276909
open_profile,md_only,ask_user,1443,43,0.0297990297990298,0.038585714285714286,0.7722814090825938
open_profile,md_only,plan_task,1443,21,0.014553014553014554,0.038271428571428574,0.38025793904853256
open_profile,md_only,web_search,1443,18,0.012474012474012475,0.018185714285714284,0.6859237024201675
open_profile,md_only,respond_only,1443,148,0.10256410256410256,0.07397142857142858,1.386536728367551
open_profile,vue_only,read_file,1379,146,0.10587382160986222,0.13224285714285713,0.8006014381214601
open_profile,vue_only,grep_search,1379,177,0.12835387962291517,0.1416,0.9064539521392314
open_profile,vue_only,list_directory,1379,28,0.02030456852791878,0.061842857142857144,0.3283252014216481
open_profile,vue_only,glob_pattern,1379,81,0.05873821609862219,0.07548571428571428,0.7781368521770541
open_profile,vue_only,edit_file,1379,287,0.20812182741116753,0.15958571428571428,1.3041382077505799
open_profile,vue_only,write_file,1379,4,0.0029006526468455403,0.021157142857142857,0.13710039519188916
open_profile,vue_only,apply_patch,1379,106,0.07686729514140682,0.0689,1.115635633402131
open_profile,vue_only,run_bash,1379,91,0.06598984771573604,0.0724,0.9114619850239785
open_profile,vue_only,run_tests,1379,148,0.10732414793328499,0.06515714285714286,1.647158595775038
open_profile,vue_only,lint_or_typecheck,1379,79,0.05728788977519942,0.032614285714285714,1.7565275007726497
open_profile,vue_only,ask_user,1379,51,0.03698332124728064,0.038585714285714286,0.9584718575748408
open_profile,vue_only,plan_task,1379,24,0.01740391588107324,0.038271428571428574,0.4547495750933657
open_profile,vue_only,web_search,1379,30,0.021754894851341553,0.018185714285714284,1.19626287477919
open_profile,vue_only,respond_only,1379,127,0.09209572153734591,0.07397142857142858,1.245017479261146
open_profile,yaml_only,read_file,1317,151,0.11465451784358391,0.13224285714285713,0.8669997028249837
open_profile,yaml_only,grep_search,1317,285,0.2164009111617312,0.1416,1.5282550223286102
open_profile,yaml_only,list_directory,1317,29,0.02201974183750949,0.061842857142857144,0.35605958157211004
open_profile,yaml_only,glob_pattern,1317,131,0.09946848899012908,0.07548571428571428,1.3177127610350183
open_profile,yaml_only,edit_file,1317,239,0.18147304479878512,0.15958571428571428,1.1371509386728995
open_profile,yaml_only,write_file,1317,5,0.0037965072133637054,0.021157142857142857,0.17944328489902725
open_profile,yaml_only,apply_patch,1317,117,0.0888382687927107,0.0689,1.2893798083122017
open_profile,yaml_only,run_bash,1317,102,0.0774487471526196,0.0724,1.0697340766936407
open_profile,yaml_only,run_tests,1317,0,0.0,0.06515714285714286,0.0
open_profile,yaml_only,lint_or_typecheck,1317,31,0.023538344722854973,0.032614285714285714,0.7217188482697539
open_profile,yaml_only,ask_user,1317,36,0.02733485193621868,0.038585714285714286,0.7084189690985959
open_profile,yaml_only,plan_task,1317,24,0.018223234624145785,0.038271428571428574,0.4761576796156046
open_profile,yaml_only,web_search,1317,23,0.017463933181473046,0.018185714285714284,0.9603105441501283
open_profile,yaml_only,respond_only,1317,144,0.10933940774487472,0.07397142857142858,1.4781302707881865
open_profile,github_only,read_file,1176,104,0.08843537414965986,0.13224285714285713,0.6687345998137831
open_profile,github_only,grep_search,1176,196,0.16666666666666666,0.1416,1.1770244821092277
open_profile,github_only,list_directory,1176,25,0.021258503401360544,0.061842857142857144,0.34375034375034375
open_profile,github_only,glob_pattern,1176,88,0.07482993197278912,0.07548571428571428,0.9913124977470171
open_profile,github_only,edit_file,1176,235,0.19982993197278912,0.15958571428571428,1.2521793248675355
open_profile,github_only,write_file,1176,1,0.0008503401360544217,0.021157142857142857,0.040191633709527025
open_profile,github_only,apply_patch,1176,100,0.08503401360544217,0.0689,1.2341656546508297
open_profile,github_only,run_bash,1176,72,0.061224489795918366,0.0724,0.845642124253016
open_profile,github_only,run_tests,1176,115,0.0977891156462585,0.06515714285714286,1.500819577995636
open_profile,github_only,lint_or_typecheck,1176,47,0.039965986394557826,0.032614285714285714,1.2254135118786893
open_profile,github_only,ask_user,1176,44,0.03741496598639456,0.038585714285714286,0.9696585039050792
open_profile,github_only,plan_task,1176,24,0.02040816326530612,0.038271428571428574,0.533248013651149
open_profile,github_only,web_search,1176,18,0.015306122448979591,0.018185714285714284,0.8416563797553586
open_profile,github_only,respond_only,1176,107,0.09098639455782313,0.07397142857142858,1.2300207839025916
open_profile,txt_only,read_file,1096,118,0.10766423357664233,0.13224285714285713,0.8141402560618952
open_profile,txt_only,grep_search,1096,168,0.15328467153284672,0.1416,1.0825188667573922
open_profile,txt_only,list_directory,1096,20,0.01824817518248175,0.061842857142857144,0.29507328777401765
open_profile,txt_only,glob_pattern,1096,84,0.07664233576642336,0.07548571428571428,1.0153223890328607
open_profile,txt_only,edit_file,1096,209,0.1906934306569343,0.15958571428571428,1.1949279514802078
open_profile,txt_only,write_file,1096,1,0.0009124087591240876,0.021157142857142857,0.04312532960073338
open_profile,txt_only,apply_patch,1096,77,0.07025547445255474,0.0689,1.0196730689775724
open_profile,txt_only,run_bash,1096,75,0.06843065693430657,0.0724,0.945174819534621
open_profile,txt_only,run_tests,1096,88,0.08029197080291971,0.06515714285714286,1.2322819461092698
open_profile,txt_only,lint_or_typecheck,1096,35,0.03193430656934307,0.032614285714285714,0.9791508803565548
open_profile,txt_only,ask_user,1096,34,0.03102189781021898,0.038585714285714286,0.8039736566883853
open_profile,txt_only,plan_task,1096,35,0.03193430656934307,0.038271428571428574,0.8344163717260227
open_profile,txt_only,web_search,1096,56,0.051094890510948905,0.018185714285714284,2.8096169173341896
open_profile,txt_only,respond_only,1096,96,0.08759124087591241,0.07397142857142858,1.1841226074379816
open_profile,tf_only,read_file,912,109,0.11951754385964912,0.13224285714285713,0.9037731522280911
open_profile,tf_only,grep_search,912,198,0.21710526315789475,0.1416,1.5332292595896522
open_profile,tf_only,list_directory,912,15,0.01644736842105263,0.061842857142857144,0.26595421332263436
open_profile,tf_only,glob_pattern,912,93,0.10197368421052631,0.07548571428571428,1.3509004342802502
open_profile,tf_only,edit_file,912,169,0.18530701754385964,0.15958571428571428,1.161175474717588
open_profile,tf_only,write_file,912,1,0.0010964912280701754,0.021157142857142857,0.051826053993863794
open_profile,tf_only,apply_patch,912,77,0.08442982456140351,0.0689,1.2253965828941003
open_profile,tf_only,run_bash,912,85,0.09320175438596491,0.0724,1.287317049529902
open_profile,tf_only,run_tests,912,0,0.0,0.06515714285714286,0.0
open_profile,tf_only,lint_or_typecheck,912,0,0.0,0.032614285714285714,0.0
open_profile,tf_only,ask_user,912,42,0.046052631578947366,0.038585714285714286,1.1935150723903427
open_profile,tf_only,plan_task,912,27,0.029605263157894735,0.038271428571428574,0.7735604408557788
open_profile,tf_only,web_search,912,0,0.0,0.018185714285714284,0.0
open_profile,tf_only,respond_only,912,96,0.10526315789473684,0.07397142857142858,1.4230245370088022
open_profile,yml_only,read_file,905,91,0.1005524861878453,0.13224285714285713,0.7603623239871634
open_profile,yml_only,grep_search,905,149,0.16464088397790055,0.1416,1.1627181071885633
open_profile,yml_only,list_directory,905,11,0.012154696132596685,0.061842857142857144,0.1965416330057214
open_profile,yml_only,glob_pattern,905,77,0.08508287292817679,0.07548571428571428,1.1271387405322437
open_profile,yml_only,edit_file,905,178,0.19668508287292819,0.15958571428571428,1.232472992668962
open_profile,yml_only,write_file,905,0,0.0,0.021157142857142857,0.0
open_profile,yml_only,apply_patch,905,75,0.08287292817679558,0.0689,1.2028001186762782
open_profile,yml_only,run_bash,905,54,0.05966850828729282,0.0724,0.8241506669515581
open_profile,yml_only,run_tests,905,104,0.11491712707182321,0.06515714285714286,1.7636919305037546
open_profile,yml_only,lint_or_typecheck,905,26,0.028729281767955802,0.032614285714285714,0.8808802994993019
open_profile,yml_only,ask_user,905,23,0.02541436464088398,0.038585714285714286,0.6586469918037314
open_profile,yml_only,plan_task,905,22,0.02430939226519337,0.038271428571428574,0.6351838217855676
open_profile,yml_only,web_search,905,16,0.017679558011049725,0.018185714285714284,0.9721673690286574
open_profile,yml_only,respond_only,905,79,0.08729281767955802,0.07397142857142858,1.180088303895145
open_profile,config_only,read_file,858,86,0.10023310023310024,0.13224285714285713,0.757947176873395
open_profile,config_only,grep_search,858,137,0.15967365967365968,0.1416,1.1276388395032464
open_profile,config_only,list_directory,858,14,0.016317016317016316,0.061842857142857144,0.2638464176925715
open_profile,config_only,glob_pattern,858,64,0.07459207459207459,0.07548571428571428,0.9881614726429262
open_profile,config_only,edit_file,858,185,0.21561771561771562,0.15958571428571428,1.3511091301799385
open_profile,config_only,write_file,858,0,0.0,0.021157142857142857,0.0
open_profile,config_only,apply_patch,858,73,0.08508158508158509,0.0689,1.2348560969751101
open_profile,config_only,run_bash,858,41,0.047785547785547784,0.0724,0.6600213782534223
open_profile,config_only,run_tests,858,71,0.08275058275058275,0.06515714285714286,1.2700155212762096
open_profile,config_only,lint_or_typecheck,858,40,0.046620046620046623,0.032614285714285714,1.429436383444268
open_profile,config_only,ask_user,858,29,0.0337995337995338,0.038585714285714286,0.8759597800693691
open_profile,config_only,plan_task,858,15,0.017482517482517484,0.038271428571428574,0.4568033683375229
open_profile,config_only,web_search,858,29,0.0337995337995338,0.018185714285714284,1.8585760926687873
open_profile,config_only,respond_only,858,74,0.08624708624708624,0.07397142857142858,1.1659513397636223
open_profile,toml_only,read_file,822,84,0.10218978102189781,0.13224285714285713,0.7727432938892564
open_profile,toml_only,grep_search,822,114,0.1386861313868613,0.1416,0.9794218318281166
open_profile,toml_only,list_directory,822,9,0.010948905109489052,0.061842857142857144,0.17704397266441063
open_profile,toml_only,glob_pattern,822,58,0.0705596107055961,0.07548571428571428,0.9347412470461256
open_profile,toml_only,edit_file,822,175,0.21289537712895376,0.15958571428571428,1.334050344555256
open_profile,toml_only,write_file,822,0,0.0,0.021157142857142857,0.0
open_profile,toml_only,apply_patch,822,71,0.08637469586374696,0.0689,1.2536240328555437
open_profile,toml_only,run_bash,822,54,0.06569343065693431,0.0724,0.9073678267532362
open_profile,toml_only,run_tests,822,105,0.12773722627737227,0.06515714285714286,1.960448550628384
open_profile,toml_only,lint_or_typecheck,822,41,0.049878345498783457,0.032614285714285714,1.5293404226521428
open_profile,toml_only,ask_user,822,26,0.031630170316301706,0.038585714285714286,0.8197378460352164
open_profile,toml_only,plan_task,822,14,0.0170316301703163,0.038271428571428574,0.44502206492054536
open_profile,toml_only,web_search,822,2,0.0024330900243309003,0.018185714285714284,0.13379128177781857
open_profile,toml_only,respond_only,822,69,0.08394160583941605,0.07397142857142858,1.1347841654613988
open_profile,sh_only,read_file,754,85,0.11273209549071618,0.13224285714285713,0.8524626427946562
open_profile,sh_only,grep_search,754,129,0.17108753315649866,0.1416,1.208245290653239
open_profile,sh_only,list_directory,754,22,0.029177718832891247,0.061842857142857144,0.4718041853320368
open_profile,sh_only,glob_pattern,754,66,0.08753315649867374,0.07548571428571428,1.159598969513089
open_profile,sh_only,edit_file,754,153,0.20291777188328913,0.15958571428571428,1.2715284246558267
open_profile,sh_only,write_file,754,0,0.0,0.021157142857142857,0.0
open_profile,sh_only,apply_patch,754,63,0.08355437665782493,0.0689,1.212690517530115
open_profile,sh_only,run_bash,754,58,0.07692307692307693,0.0724,1.062473438164046
open_profile,sh_only,run_tests,754,0,0.0,0.06515714285714286,0.0
open_profile,sh_only,lint_or_typecheck,754,24,0.03183023872679045,0.032614285714285714,0.9759600135240174
open_profile,sh_only,ask_user,754,35,0.046419098143236075,0.038585714285714286,1.2030125398098945
open_profile,sh_only,plan_task,754,20,0.026525198938992044,0.038271428571428574,0.6930809726500347
open_profile,sh_only,web_search,754,13,0.017241379310344827,0.018185714285714284,0.9480727036324729
open_profile,sh_only,respond_only,754,86,0.11405835543766578,0.07397142857142858,1.5419244651673627
open_profile,sql_only,read_file,736,72,0.09782608695652174,0.13224285714285713,0.7397457153458488
open_profile,sql_only,grep_search,736,100,0.1358695652173913,0.1416,0.9595308278064357
open_profile,sql_only,list_directory,736,21,0.028532608695652172,0.061842857142857144,0.4613727439814396
open_profile,sql_only,glob_pattern,736,47,0.06385869565217392,0.07548571428571428,0.8459706085639997
open_profile,sql_only,edit_file,736,146,0.1983695652173913,0.15958571428571428,1.2430283381270604
open_profile,sql_only,write_file,736,1,0.001358695652173913,0.021157142857142857,0.0642192408184834
open_profile,sql_only,apply_patch,736,64,0.08695652173913043,0.0689,1.2620685303211963
open_profile,sql_only,run_bash,736,55,0.07472826086956522,0.0724,1.0321582993033869
open_profile,sql_only,run_tests,736,80,0.10869565217391304,0.06515714285714286,1.66820777289496
open_profile,sql_only,lint_or_typecheck,736,0,0.0,0.032614285714285714,0.0
open_profile,sql_only,ask_user,736,24,0.03260869565217391,0.038585714285714286,0.8450976288975097
open_profile,sql_only,plan_task,736,9,0.012228260869565218,0.038271428571428574,0.3195140951360826
open_profile,sql_only,web_search,736,35,0.04755434782608696,0.018185714285714284,2.6149287885515218
open_profile,sql_only,respond_only,736,82,0.11141304347826086,0.07397142857142858,1.5061631988177404
open_profile,gradle_only,read_file,698,61,0.08739255014326648,0.13224285714285713,0.6608489262210926
open_profile,gradle_only,grep_search,698,98,0.14040114613180515,0.1416,0.9915335178799799
open_profile,gradle_only,list_directory,698,18,0.025787965616045846,0.061842857142857144,0.4169918210032823
open_profile,gradle_only,glob_pattern,698,47,0.0673352435530086,0.07548571428571428,0.8920263150474266
open_profile,gradle_only,edit_file,698,145,0.20773638968481375,0.15958571428571428,1.3017229682156444
open_profile,gradle_only,write_file,698,2,0.0028653295128939827,0.021157142857142857,0.13543083450545496
open_profile,gradle_only,apply_patch,698,62,0.08882521489971347,0.0689,1.289190346875377
open_profile,gradle_only,run_bash,698,52,0.07449856733524356,0.0724,1.0289857366746347
open_profile,gradle_only,run_tests,698,45,0.06446991404011461,0.06515714285714286,0.9894527478202199
open_profile,gradle_only,lint_or_typecheck,698,37,0.05300859598853868,0.032614285714285714,1.6253183176512078
open_profile,gradle_only,ask_user,698,19,0.027220630372492838,0.038585714285714286,0.7054587656699366
open_profile,gradle_only,plan_task,698,16,0.022922636103151862,0.038271428571428574,0.5989490583130386
open_profile,gradle_only,web_search,698,22,0.03151862464183381,0.018185714285714284,1.7331529653797069
open_profile,gradle_only,respond_only,698,74,0.10601719197707736,0.07397142857142858,1.4332181225174614
open_profile,lock_only,read_file,610,51,0.08360655737704918,0.13224285714285713,0.632219835410332
open_profile,lock_only,grep_search,610,93,0.15245901639344261,0.1416,1.0766879688802444
open_profile,lock_only,list_directory,610,13,0.021311475409836064,0.061842857142857144,0.34460690198395116
open_profile,lock_only,glob_pattern,610,37,0.060655737704918035,0.07548571428571428,0.8035392958637894
open_profile,lock_only,edit_file,610,128,0.2098360655737705,0.15958571428571428,1.3148800098616003
open_profile,lock_only,write_file,610,0,0.0,0.021157142857142857,0.0
open_profile,lock_only,apply_patch,610,61,0.1,0.0689,1.4513788098693758
open_profile,lock_only,run_bash,610,25,0.040983606557377046,0.0724,0.566071913775926
open_profile,lock_only,run_tests,610,75,0.12295081967213115,0.06515714285714286,1.8869891201598727
open_profile,lock_only,lint_or_typecheck,610,26,0.04262295081967213,0.032614285714285714,1.3068797886014232
open_profile,lock_only,ask_user,610,28,0.04590163934426229,0.038585714285714286,1.1896019082185711
open_profile,lock_only,plan_task,610,13,0.021311475409836064,0.038271428571428574,0.5568507945832492
open_profile,lock_only,web_search,610,0,0.0,0.018185714285714284,0.0
open_profile,lock_only,respond_only,610,60,0.09836065573770492,0.07397142857142858,1.3297114526147824
open_profile,xml_only,read_file,423,42,0.09929078014184398,0.13224285714285713,0.7508214983179301
open_profile,xml_only,grep_search,423,60,0.14184397163120568,0.1416,1.0017229634972153
open_profile,xml_only,list_directory,423,10,0.02364066193853428,0.061842857142857144,0.3822698858159851
open_profile,xml_only,glob_pattern,423,33,0.07801418439716312,0.07548571428571428,1.0334960082894433
open_profile,xml_only,edit_file,423,81,0.19148936170212766,0.15958571428571428,1.1999154345312808
open_profile,xml_only,write_file,423,0,0.0,0.021157142857142857,0.0
open_profile,xml_only,apply_patch,423,27,0.06382978723404255,0.0689,0.9264120062996015
open_profile,xml_only,run_bash,423,41,0.09692671394799054,0.0724,1.3387667672374384
open_profile,xml_only,run_tests,423,47,0.1111111111111111,0.06515714285714286,1.7052790567370701
open_profile,xml_only,lint_or_typecheck,423,19,0.04491725768321513,0.032614285714285714,1.3772264729851333
open_profile,xml_only,ask_user,423,10,0.02364066193853428,0.038585714285714286,0.6126791320612364
open_profile,xml_only,plan_task,423,11,0.026004728132387706,0.038271428571428574,0.6794815114845612
open_profile,xml_only,web_search,423,0,0.0,0.018185714285714284,0.0
open_profile,xml_only,respond_only,423,42,0.09929078014184398,0.07397142857142858,1.342285556185608
open_profile,css_only,read_file,411,35,0.0851581508515815,0.13224285714285713,0.6439527449077137
open_profile,css_only,grep_search,411,60,0.145985401459854,0.1416,1.0309703492927542
open_profile,css_only,list_directory,411,9,0.021897810218978103,0.061842857142857144,0.35408794532882126
open_profile,css_only,glob_pattern,411,33,0.08029197080291971,0.07548571428571428,1.0636710742249016
open_profile,css_only,edit_file,411,79,0.1922141119221411,0.15958571428571428,1.2044568825127453
open_profile,css_only,write_file,411,0,0.0,0.021157142857142857,0.0
open_profile,css_only,apply_patch,411,39,0.0948905109489051,0.0689,1.3772207684891886
open_profile,css_only,run_bash,411,18,0.043795620437956206,0.0724,0.6049118845021575
open_profile,css_only,run_tests,411,39,0.0948905109489051,0.06515714285714286,1.456333209038228
open_profile,css_only,lint_or_typecheck,411,18,0.043795620437956206,0.032614285714285714,1.342835493060418
open_profile,css_only,ask_user,411,11,0.0267639902676399,0.038585714285714286,0.6936243312605676
open_profile,css_only,plan_task,411,9,0.021897810218978103,0.038271428571428574,0.5721712263264155
open_profile,css_only,web_search,411,16,0.038929440389294405,0.018185714285714284,2.140660508445097
open_profile,css_only,respond_only,411,45,0.10948905109489052,0.07397142857142858,1.4801532592974769
open_profile,sum_only,read_file,378,41,0.10846560846560846,0.13224285714285713,0.8202001288314349
open_profile,sum_only,grep_search,378,63,0.16666666666666666,0.1416,1.1770244821092277
open_profile,sum_only,list_directory,378,10,0.026455026455026454,0.061842857142857144,0.4277782055559833
open_profile,sum_only,glob_pattern,378,34,0.08994708994708994,0.07548571428571428,1.1915776488070204
open_profile,sum_only,edit_file,378,73,0.1931216931216931,0.15958571428571428,1.2101439905575615
open_profile,sum_only,write_file,378,0,0.0,0.021157142857142857,0.0
open_profile,sum_only,apply_patch,378,48,0.12698412698412698,0.0689,1.843020710945239
open_profile,sum_only,run_bash,378,17,0.04497354497354497,0.0724,0.6211815604080797
open_profile,sum_only,run_tests,378,42,0.1111111111111111,0.06515714285714286,1.7052790567370701
open_profile,sum_only,lint_or_typecheck,378,0,0.0,0.032614285714285714,0.0
open_profile,sum_only,ask_user,378,8,0.021164021164021163,0.038585714285714286,0.5484936991786307
open_profile,sum_only,plan_task,378,4,0.010582010582010581,0.038271428571428574,0.27649897004133656
open_profile,sum_only,web_search,378,0,0.0,0.018185714285714284,0.0
open_profile,sum_only,respond_only,378,38,0.10052910052910052,0.07397142857142858,1.359026078995179
open_profile,spec_only,read_file,372,43,0.11559139784946236,0.13224285714285713,0.874084244297544
open_profile,spec_only,grep_search,372,58,0.15591397849462366,0.1416,1.1010874187473423
open_profile,spec_only,list_directory,372,7,0.01881720430107527,0.061842857142857144,0.3042744978228849
open_profile,spec_only,glob_pattern,372,21,0.056451612903225805,0.07548571428571428,0.7478449854704403
open_profile,spec_only,edit_file,372,72,0.1935483870967742,0.15958571428571428,1.2128177510316172
open_profile,spec_only,write_file,372,0,0.0,0.021157142857142857,0.0
open_profile,spec_only,apply_patch,372,36,0.0967741935483871,0.0689,1.404560138583267
open_profile,spec_only,run_bash,372,12,0.03225806451612903,0.0724,0.4455533772945998
open_profile,spec_only,run_tests,372,36,0.0967741935483871,0.06515714285714286,1.485243049416158
open_profile,spec_only,lint_or_typecheck,372,18,0.04838709677419355,0.032614285714285714,1.4836166334619134
open_profile,spec_only,ask_user,372,12,0.03225806451612903,0.038585714285714286,0.8360105576190419
open_profile,spec_only,plan_task,372,9,0.024193548387096774,0.038271428571428574,0.6321569194090235
open_profile,spec_only,web_search,372,11,0.02956989247311828,0.018185714285714284,1.625995658380424
open_profile,spec_only,respond_only,372,37,0.09946236559139784,0.07397142857142858,1.344605174082242
open_profile,many3+,read_file,369,18,0.04878048780487805,0.13224285714285713,0.3688704922049761
open_profile,many3+,grep_search,369,20,0.05420054200542006,0.1416,0.38277218930381396
open_profile,many3+,list_directory,369,2,0.005420054200542005,0.061842857142857144,0.08764236406512829
open_profile,many3+,glob_pattern,369,6,0.016260162601626018,0.07548571428571428,0.21540715028649154
open_profile,many3+,edit_file,369,55,0.14905149051490515,0.15958571428571428,0.933990183156688
open_profile,many3+,write_file,369,1,0.0027100271002710027,0.021157142857142857,0.12809040987101294
open_profile,many3+,apply_patch,369,35,0.0948509485094851,0.0689,1.3766465676267794
open_profile,many3+,run_bash,369,44,0.11924119241192412,0.0724,1.6469777957448082
open_profile,many3+,run_tests,369,50,0.13550135501355012,0.06515714285714286,2.0796086057769148
open_profile,many3+,lint_or_typecheck,369,37,0.1002710027100271,0.032614285714285714,3.0744503678063504
open_profile,many3+,ask_user,369,4,0.01084010840108401,0.038585714285714286,0.2809357971402743
open_profile,many3+,plan_task,369,4,0.01084010840108401,0.038271428571428574,0.28324284735941796
open_profile,many3+,web_search,369,4,0.01084010840108401,0.018185714285714284,0.5960782310101185
open_profile,many3+,respond_only,369,89,0.24119241192411925,0.07397142857142858,3.2606158429293832
open_profile,mod_only,read_file,307,39,0.1270358306188925,0.13224285714285713,0.9606252720452064
open_profile,mod_only,grep_search,307,49,0.15960912052117263,0.1416,1.1271830545280552
open_profile,mod_only,list_directory,307,3,0.009771986970684038,0.061842857142857144,0.15801318732914824
open_profile,mod_only,glob_pattern,307,42,0.13680781758957655,0.07548571428571428,1.8123670006189174
open_profile,mod_only,edit_file,307,58,0.18892508143322476,0.15958571428571428,1.183847077282762
open_profile,mod_only,write_file,307,0,0.0,0.021157142857142857,0.0
open_profile,mod_only,apply_patch,307,26,0.08469055374592833,0.0689,1.2291807510294388
open_profile,mod_only,run_bash,307,21,0.06840390879478828,0.0724,0.9448053700937606
open_profile,mod_only,run_tests,307,30,0.09771986970684039,0.06515714285714286,1.4997568251433517
open_profile,mod_only,lint_or_typecheck,307,0,0.0,0.032614285714285714,0.0
open_profile,mod_only,ask_user,307,9,0.029315960912052116,0.038585714285714286,0.7597620377059046
open_profile,mod_only,plan_task,307,6,0.019543973941368076,0.038271428571428574,0.510667478871133
open_profile,mod_only,web_search,307,0,0.0,0.018185714285714284,0.0
open_profile,mod_only,respond_only,307,24,0.0781758957654723,0.07397142857142858,1.0568390698306414
open_profile,html_only,read_file,289,34,0.11764705882352941,0.13224285714285713,0.8896288341414129
open_profile,html_only,grep_search,289,44,0.1522491349480969,0.1416,1.07520575528317
open_profile,html_only,list_directory,289,8,0.02768166089965398,0.061842857142857144,0.4476129043603092
open_profile,html_only,glob_pattern,289,14,0.04844290657439446,0.07548571428571428,0.641749330092281
open_profile,html_only,edit_file,289,49,0.1695501730103806,0.15958571428571428,1.062439540840269
open_profile,html_only,write_file,289,0,0.0,0.021157142857142857,0.0
open_profile,html_only,apply_patch,289,24,0.08304498269896193,0.0689,1.2052972815524228
open_profile,html_only,run_bash,289,13,0.04498269896193772,0.0724,0.6213079967118469
open_profile,html_only,run_tests,289,25,0.08650519031141868,0.06515714285714286,1.3276394040340511
open_profile,html_only,lint_or_typecheck,289,11,0.03806228373702422,0.032614285714285714,1.1670433033691177
open_profile,html_only,ask_user,289,13,0.04498269896193772,0.038585714285714286,1.1657863485137505
open_profile,html_only,plan_task,289,6,0.020761245674740483,0.038271428571428574,0.5424737578319648
open_profile,html_only,web_search,289,18,0.06228373702422145,0.018185714285714284,3.42487163526748
open_profile,html_only,respond_only,289,30,0.10380622837370242,0.07397142857142858,1.40332869566612
open_profile,cfg_only,read_file,285,26,0.0912280701754386,0.13224285714285713,0.6898525345447448
open_profile,cfg_only,grep_search,285,44,0.1543859649122807,0.1416,1.0902963623748638
open_profile,cfg_only,list_directory,285,5,0.017543859649122806,0.061842857142857144,0.28368449421081
open_profile,cfg_only,glob_pattern,285,24,0.08421052631578947,0.07548571428571428,1.1155822941153035
open_profile,cfg_only,edit_file,285,71,0.24912280701754386,0.15958571428571428,1.5610595731114556
open_profile,cfg_only,write_file,285,0,0.0,0.021157142857142857,0.0
open_profile,cfg_only,apply_patch,285,29,0.10175438596491228,0.0689,1.476841596007435
open_profile,cfg_only,run_bash,285,9,0.031578947368421054,0.0724,0.4361733061936609
open_profile,cfg_only,run_tests,285,28,0.09824561403508772,0.06515714285714286,1.507825692272778
open_profile,cfg_only,lint_or_typecheck,285,0,0.0,0.032614285714285714,0.0
open_profile,cfg_only,ask_user,285,8,0.028070175438596492,0.038585714285714286,0.727475853647447
open_profile,cfg_only,plan_task,285,1,0.0035087719298245615,0.038271428571428574,0.09168123743475898
open_profile,cfg_only,web_search,285,6,0.021052631578947368,0.018185714285714284,1.1576466696985985
open_profile,cfg_only,respond_only,285,34,0.11929824561403508,0.07397142857142858,1.6127611419433092
open_profile,test_only,read_file,259,28,0.10810810810810811,0.13224285714285713,0.8174967665083255
open_profile,test_only,grep_search,259,34,0.13127413127413126,0.1416,0.9270771982636389
open_profile,test_only,list_directory,259,5,0.019305019305019305,0.061842857142857144,0.31216247432463645
open_profile,test_only,glob_pattern,259,13,0.05019305019305019,0.07548571428571428,0.6649344272357142
open_profile,test_only,edit_file,259,53,0.20463320463320464,0.15958571428571428,1.2822777123197857
open_profile,test_only,write_file,259,0,0.0,0.021157142857142857,0.0
open_profile,test_only,apply_patch,259,22,0.08494208494208494,0.0689,1.2328314215106666
open_profile,test_only,run_bash,259,14,0.05405405405405406,0.0724,0.7466029565477079
open_profile,test_only,run_tests,259,28,0.10810810810810811,0.06515714285714286,1.6591904335820145
open_profile,test_only,lint_or_typecheck,259,9,0.03474903474903475,0.032614285714285714,1.0654544163085555
open_profile,test_only,ask_user,259,13,0.05019305019305019,0.038585714285714286,1.300819516295266
open_profile,test_only,plan_task,259,5,0.019305019305019305,0.038271428571428574,0.504423796697033
open_profile,test_only,web_search,259,13,0.05019305019305019,0.018185714285714284,2.76002632640496
open_profile,test_only,respond_only,259,22,0.08494208494208494,0.07397142857142858,1.1483093754240914
open_profile,kts_only,read_file,35,7,0.2,0.13224285714285713,1.5123690180404021
open_profile,kts_only,grep_search,35,1,0.02857142857142857,0.1416,0.20177562550443906
open_profile,kts_only,list_directory,35,2,0.05714285714285714,0.061842857142857144,0.9240009240009239
open_profile,kts_only,glob_pattern,35,0,0.0,0.07548571428571428,0.0
open_profile,kts_only,edit_file,35,11,0.3142857142857143,0.15958571428571428,1.9693850147703877
open_profile,kts_only,write_file,35,0,0.0,0.021157142857142857,0.0
open_profile,kts_only,apply_patch,35,1,0.02857142857142857,0.0689,0.4146796599626788
open_profile,kts_only,run_bash,35,3,0.08571428571428572,0.0724,1.1838989739542225
open_profile,kts_only,run_tests,35,4,0.11428571428571428,0.06515714285714286,1.7540013155009866
open_profile,kts_only,lint_or_typecheck,35,1,0.02857142857142857,0.032614285714285714,0.8760402978537013
open_profile,kts_only,ask_user,35,2,0.05714285714285714,0.038585714285714286,1.4809329877823028
open_profile,kts_only,plan_task,35,0,0.0,0.038271428571428574,0.0
open_profile,kts_only,web_search,35,0,0.0,0.018185714285714284,0.0
open_profile,kts_only,respond_only,35,3,0.08571428571428572,0.07397142857142858,1.1587485515643106
prompt_file_rel,no_file,read_file,60521,7208,0.1190991556649758,0.13224285714285713,0.9006093655124021
prompt_file_rel,no_file,grep_search,60521,7938,0.13116108458221112,0.1416,0.9262788459195701
prompt_file_rel,no_file,list_directory,60521,3456,0.05710414566844566,0.061842857142857144,0.9233749588337252
prompt_file_rel,no_file,glob_pattern,60521,4194,0.06929826010806167,0.07548571428571428,0.9180314548759116
prompt_file_rel,no_file,edit_file,60521,9824,0.16232382148345204,0.15958571428571428,1.0171575959038264
prompt_file_rel,no_file,write_file,60521,929,0.015350043786454288,0.021157142857142857,0.7255253646534775
prompt_file_rel,no_file,apply_patch,60521,4219,0.06971133986550124,0.0689,1.0117756148839077
prompt_file_rel,no_file,run_bash,60521,4852,0.08017051932387105,0.0724,1.1073276149705946
prompt_file_rel,no_file,run_tests,60521,4381,0.07238809669370962,0.06515714285714286,1.1109771472395689
prompt_file_rel,no_file,lint_or_typecheck,60521,2162,0.035723137423373706,0.032614285714285714,1.0953217782024351
prompt_file_rel,no_file,ask_user,60521,2588,0.04276201649014392,0.038585714285714286,1.1082344147760363
prompt_file_rel,no_file,plan_task,60521,2567,0.04241502949389468,0.038271428571428574,1.108268781102138
prompt_file_rel,no_file,web_search,60521,1216,0.02009219940186051,0.018185714285714284,1.1048342169129897
prompt_file_rel,no_file,respond_only,60521,4987,0.08240115001404472,0.07397142857142858,1.113959154303424
prompt_file_rel,not_open,read_file,6271,1452,0.23154201881677564,0.13224285714285713,1.7508848781650963
prompt_file_rel,not_open,grep_search,6271,954,0.15212884707383192,0.1416,1.0743562646457057
prompt_file_rel,not_open,list_directory,6271,752,0.11991707861585074,0.061842857142857144,1.9390611002794067
prompt_file_rel,not_open,glob_pattern,6271,608,0.09695423377451762,0.07548571428571428,1.2844050651431176
prompt_file_rel,not_open,edit_file,6271,903,0.1439961728591931,0.15958571428571428,0.9023124250419406
prompt_file_rel,not_open,write_file,6271,535,0.08531334715356402,0.021157142857142857,4.032366172011804
prompt_file_rel,not_open,apply_patch,6271,350,0.05581247010046245,0.0689,0.8100503643027931
prompt_file_rel,not_open,run_bash,6271,157,0.025035879445064583,0.0724,0.3457994398489583
prompt_file_rel,not_open,run_tests,6271,84,0.013394992824110987,0.06515714285714286,0.2055798065528983
prompt_file_rel,not_open,lint_or_typecheck,6271,51,0.008132674214638813,0.032614285714285714,0.24935926194687558
prompt_file_rel,not_open,ask_user,6271,92,0.014670706426407271,0.038585714285714286,0.38021082926638616
prompt_file_rel,not_open,plan_task,6271,98,0.015627491628129486,0.038271428571428574,0.4083331145834505
prompt_file_rel,not_open,web_search,6271,44,0.007016424812629565,0.018185714285714284,0.38582068883273335
prompt_file_rel,not_open,respond_only,6271,191,0.03045766225482379,0.07397142857142858,0.4117490069211404
prompt_file_rel,open,read_file,3208,597,0.18609725685785536,0.13224285714285713,1.407238628070636
prompt_file_rel,open,grep_search,3208,1020,0.3179551122194514,0.1416,2.245445707764487
prompt_file_rel,open,list_directory,3208,121,0.03771820448877806,0.061842857142857144,0.6099039764875177
prompt_file_rel,open,glob_pattern,3208,482,0.1502493765586035,0.07548571428571428,1.9904345872638616
prompt_file_rel,open,edit_file,3208,444,0.13840399002493767,0.15958571428571428,0.8672705488985442
prompt_file_rel,open,write_file,3208,17,0.00529925187032419,0.021157142857142857,0.25047105396535674
prompt_file_rel,open,apply_patch,3208,254,0.07917705735660847,0.0689,1.1491590327519372
prompt_file_rel,open,run_bash,3208,59,0.01839152119700748,0.0724,0.2540265358702691
prompt_file_rel,open,run_tests,3208,96,0.029925187032418952,0.06515714285714286,0.45927715243791417
prompt_file_rel,open,lint_or_typecheck,3208,70,0.021820448877805487,0.032614285714285714,0.6690457386974963
prompt_file_rel,open,ask_user,3208,21,0.006546134663341646,0.038585714285714286,0.16965176839463725
prompt_file_rel,open,plan_task,3208,14,0.004364089775561097,0.038271428571428574,0.11402996800644896
prompt_file_rel,open,web_search,3208,13,0.004052369077306733,0.018185714285714284,0.2228325494198518
prompt_file_rel,open,respond_only,3208,0,0.0,0.07397142857142858,0.0
target_symbol_present,no,read_file,56113,8168,0.14556341667706235,0.13224285714285713,1.1007280077124733
target_symbol_present,no,grep_search,56113,8056,0.1435674442642525,0.1416,1.0138943803972633
target_symbol_present,no,list_directory,56113,4074,0.07260349651595886,0.061842857142857144,1.1739997126627675
target_symbol_present,no,glob_pattern,56113,4403,0.07846666547858785,0.07548571428571428,1.039490269398401
target_symbol_present,no,edit_file,56113,8756,0.15604227184431416,0.15958571428571428,0.9777959922211075
target_symbol_present,no,write_file,56113,1474,0.026268422647158413,0.021157142857142857,1.241586485686083
target_symbol_present,no,apply_patch,56113,3378,0.06019995366492613,0.0689,0.8737293710439206
target_symbol_present,no,run_bash,56113,4465,0.07957157877853617,0.0724,1.0990549555046432
target_symbol_present,no,run_tests,56113,2597,0.046281610322028766,0.06515714285714286,0.7103075471479968
target_symbol_present,no,lint_or_typecheck,56113,1210,0.021563630531249444,0.032614285714285714,0.6611713259691026
target_symbol_present,no,ask_user,56113,2305,0.041077825102917326,0.038585714285714286,1.0645863595720892
target_symbol_present,no,plan_task,56113,2481,0.04421435318018997,0.038271428571428574,1.1552835844021268
target_symbol_present,no,web_search,56113,1049,0.01869442018783526,0.018185714285714284,1.0279728304387026
target_symbol_present,no,respond_only,56113,3697,0.06588491080498281,0.07397142857142858,0.8906805245942055
target_symbol_present,yes,read_file,13887,1089,0.07841866493843162,0.13224285714285713,0.5929897964448757
target_symbol_present,yes,grep_search,13887,1856,0.13365017642399366,0.1416,0.9438571781355484
target_symbol_present,yes,list_directory,13887,255,0.01836249729963275,0.061842857142857144,0.29692187825693983
target_symbol_present,yes,glob_pattern,13887,881,0.06344062792539786,0.07548571428571428,0.8404322397384274
target_symbol_present,yes,edit_file,13887,2415,0.17390365089652193,0.15958571428571428,1.0897194130119539
target_symbol_present,yes,write_file,13887,7,0.000504068553323252,0.021157142857142857,0.02382498226375938
target_symbol_present,yes,apply_patch,13887,1445,0.10405415136458558,0.0689,1.510219903695001
target_symbol_present,yes,run_bash,13887,603,0.04342190537913156,0.0724,0.5997500742973972
target_symbol_present,yes,run_tests,13887,1964,0.14142723410383812,0.06515714285714286,2.170556103325733
target_symbol_present,yes,lint_or_typecheck,13887,1073,0.07726650824512134,0.032614285714285714,2.369100121401005
target_symbol_present,yes,ask_user,13887,396,0.028515878159429683,0.038585714285714286,0.7390268312329055
target_symbol_present,yes,plan_task,13887,198,0.014257939079714841,0.038271428571428574,0.3725478669578346
target_symbol_present,yes,web_search,13887,224,0.016130193706344064,0.018185714285714284,0.8869705887227687
target_symbol_present,yes,respond_only,13887,1481,0.10664650392453373,0.07397142857142858,1.4417256227727617
elapsed_bucket,e2,read_file,54600,6520,0.11941391941391942,0.13224285714285713,0.902989560221925
elapsed_bucket,e2,grep_search,54600,7772,0.14234432234432234,0.1416,1.00525651373109
elapsed_bucket,e2,list_directory,54600,2812,0.051501831501831505,0.061842857142857144,0.8327854481700636
elapsed_bucket,e2,glob_pattern,54600,4319,0.0791025641025641,0.07548571428571428,1.047914361691803
elapsed_bucket,e2,edit_file,54600,8774,0.1606959706959707,0.15958571428571428,1.0069571165265374
elapsed_bucket,e2,write_file,54600,893,0.016355311355311354,0.021157142857142857,0.7730396994407798
elapsed_bucket,e2,apply_patch,54600,4344,0.07956043956043957,0.0689,1.1547233608191518
elapsed_bucket,e2,run_bash,54600,3727,0.06826007326007326,0.0724,0.9428186914374759
elapsed_bucket,e2,run_tests,54600,3936,0.07208791208791208,0.06515714285714286,1.1063700605467761
elapsed_bucket,e2,lint_or_typecheck,54600,2006,0.03673992673992674,0.032614285714285714,1.1264979727529003
elapsed_bucket,e2,ask_user,54600,1996,0.036556776556776555,0.038585714285714286,0.9474173857735501
elapsed_bucket,e2,plan_task,54600,1782,0.03263736263736264,0.038271428571428574,0.852786631062107
elapsed_bucket,e2,web_search,54600,1036,0.018974358974358976,0.018185714285714284,1.0433661651257882
elapsed_bucket,e2,respond_only,54600,4683,0.08576923076923076,0.07397142857142858,1.1594913390973645
elapsed_bucket,e1,read_file,14382,2592,0.1802252816020025,0.13224285714285713,1.362835660812377
elapsed_bucket,e1,grep_search,14382,2004,0.13934084272006675,0.1416,0.9840454994354996
elapsed_bucket,e1,list_directory,14382,1404,0.09762202753441802,0.061842857142857144,1.5785497637813033
elapsed_bucket,e1,glob_pattern,14382,868,0.06035321930190516,0.07548571428571428,0.7995316712970025
elapsed_bucket,e1,edit_file,14382,2321,0.16138228340981783,0.15958571428571428,1.0112577064441186
elapsed_bucket,e1,write_file,14382,541,0.0376164650257266,0.021157142857142857,1.7779558081032156
elapsed_bucket,e1,apply_patch,14382,415,0.02885551383674037,0.0689,0.41880281330537544
elapsed_bucket,e1,run_bash,14382,1268,0.08816576275900431,0.0724,1.2177591541298938
elapsed_bucket,e1,run_tests,14382,578,0.04018912529550828,0.06515714285714286,0.6168030630751106
elapsed_bucket,e1,lint_or_typecheck,14382,248,0.017243776943401474,0.032614285714285714,0.5287185221367074
elapsed_bucket,e1,ask_user,14382,654,0.045473508552357114,0.038585714285714286,1.1785063304942607
elapsed_bucket,e1,plan_task,14382,828,0.057571964956195244,0.038271428571428574,1.5043066617893492
elapsed_bucket,e1,web_search,14382,221,0.015366430260047281,0.018185714285714284,0.8449725987457264
elapsed_bucket,e1,respond_only,14382,440,0.030593797802809068,0.07397142857142858,0.4135893870599912
elapsed_bucket,e0,read_file,580,93,0.16034482758620688,0.13224285714285713,1.2125027472220462
elapsed_bucket,e0,grep_search,580,77,0.13275862068965516,0.1416,0.9375608805766608
elapsed_bucket,e0,list_directory,580,105,0.1810344827586207,0.061842857142857144,2.92733051353741
elapsed_bucket,e0,glob_pattern,580,51,0.08793103448275862,0.07548571428571428,1.1648698739199665
elapsed_bucket,e0,edit_file,580,23,0.039655172413793106,0.15958571428571428,0.24848823462228248
elapsed_bucket,e0,write_file,580,47,0.08103448275862069,0.021157142857142857,3.8301241006775477
elapsed_bucket,e0,apply_patch,580,2,0.0034482758620689655,0.0689,0.05004754516790951
elapsed_bucket,e0,run_bash,580,55,0.09482758620689655,0.0724,1.3097732901505046
elapsed_bucket,e0,run_tests,580,6,0.010344827586206896,0.06515714285714286,0.15876736045483067
elapsed_bucket,e0,lint_or_typecheck,580,9,0.015517241379310345,0.032614285714285714,0.47578050659295845
elapsed_bucket,e0,ask_user,580,41,0.0706896551724138,0.038585714285714286,1.832016239196211
elapsed_bucket,e0,plan_task,580,59,0.10172413793103448,0.038271428571428574,2.657965530112883
elapsed_bucket,e0,web_search,580,7,0.01206896551724138,0.018185714285714284,0.663650892542731
elapsed_bucket,e0,respond_only,580,5,0.008620689655172414,0.07397142857142858,0.11654080259985881
elapsed_bucket,e3,read_file,438,52,0.1187214611872146,0.13224285714285713,0.8977532983801473
elapsed_bucket,e3,grep_search,438,59,0.13470319634703196,0.1416,0.9512937595129375
elapsed_bucket,e3,list_directory,438,8,0.0182648401826484,0.061842857142857144,0.29534276109618574
elapsed_bucket,e3,glob_pattern,438,46,0.1050228310502283,0.07548571428571428,1.3912941282202842
elapsed_bucket,e3,edit_file,438,53,0.12100456621004566,0.15958571428571428,0.7582418435863573
elapsed_bucket,e3,write_file,438,0,0.0,0.021157142857142857,0.0
elapsed_bucket,e3,apply_patch,438,62,0.1415525114155251,0.0689,2.0544631555228605
elapsed_bucket,e3,run_bash,438,18,0.0410958904109589,0.0724,0.5676227957314764
elapsed_bucket,e3,run_tests,438,41,0.09360730593607305,0.06515714285714286,1.4366392053332853
elapsed_bucket,e3,lint_or_typecheck,438,20,0.045662100456621,0.032614285714285714,1.4000644029625362
elapsed_bucket,e3,ask_user,438,10,0.0228310502283105,0.038585714285714286,0.5916969700043447
elapsed_bucket,e3,plan_task,438,10,0.0228310502283105,0.038271428571428574,0.5965559970069932
elapsed_bucket,e3,web_search,438,9,0.02054794520547945,0.018185714285714284,1.129894865972947
elapsed_bucket,e3,respond_only,438,50,0.1141552511415525,0.07397142857142858,1.5432343723268973
budget_bucket_v23,b3,read_file,39849,5425,0.13613892443976008,0.13224285714285713,1.0294614573601821
budget_bucket_v23,b3,grep_search,39849,5695,0.14291450224597857,0.1416,1.0092832079518261
budget_bucket_v23,b3,list_directory,39849,2550,0.06399156816984115,0.061842857142857144,1.0347446920510235
budget_bucket_v23,b3,glob_pattern,39849,3018,0.07573590303395317,0.07548571428571428,1.0033143853854507
budget_bucket_v23,b3,edit_file,39849,6292,0.15789605761750608,0.15958571428571428,0.9894122310648489
budget_bucket_v23,b3,write_file,39849,890,0.022334312027905343,0.021157142857142857,1.0556393260995098
budget_bucket_v23,b3,apply_patch,39849,2704,0.06785615699264724,0.0689,0.9848498837829788
budget_bucket_v23,b3,run_bash,39849,2925,0.07340209290070014,0.0724,1.0138410621643665
budget_bucket_v23,b3,run_tests,39849,2526,0.06338929458706617,0.06515714285714286,0.9728679283259443
budget_bucket_v23,b3,lint_or_typecheck,39849,1261,0.03164445782830184,0.032614285714285714,0.9702637091463551
budget_bucket_v23,b3,ask_user,39849,1473,0.036964541142814125,0.038585714285714286,0.9579851462410177
budget_bucket_v23,b3,plan_task,39849,1567,0.039323446008682775,0.038271428571428574,1.0274883242283666
budget_bucket_v23,b3,web_search,39849,716,0.01796782855278677,0.018185714285714284,0.9880188520778271
budget_bucket_v23,b3,respond_only,39849,2807,0.07044091445205651,0.07397142857142858,0.9522719219088365
budget_bucket_v23,b2,read_file,25145,3332,0.13251143368462914,0.13224285714285713,1.0020309342037421
budget_bucket_v23,b2,grep_search,25145,3543,0.1409027639689799,0.1416,0.9950760167300841
budget_bucket_v23,b2,list_directory,25145,1629,0.06478425134221515,0.061842857142857144,1.0475623917660106
budget_bucket_v23,b2,glob_pattern,25145,1898,0.07548220322131637,0.07548571428571428,0.9999534870348498
budget_bucket_v23,b2,edit_file,25145,4074,0.16202028236229868,0.15958571428571428,1.0152555514601118
budget_bucket_v23,b2,write_file,25145,550,0.021873135812288724,0.021157142857142857,1.0338416656719855
budget_bucket_v23,b2,apply_patch,25145,1639,0.0651819447206204,0.0689,0.9460369335358548
budget_bucket_v23,b2,run_bash,25145,1879,0.0747265858023464,0.0724,1.0321351630158342
budget_bucket_v23,b2,run_tests,25145,1634,0.06498309803141777,0.06515714285714286,0.997328845033818
budget_bucket_v23,b2,lint_or_typecheck,25145,780,0.031020083515609465,0.032614285714285714,0.9511195120861422
budget_bucket_v23,b2,ask_user,25145,991,0.03941141379996023,0.038585714285714286,1.0213990988512462
budget_bucket_v23,b2,plan_task,25145,983,0.03909325909723603,0.038271428571428574,1.0214737352767906
budget_bucket_v23,b2,web_search,25145,431,0.017140584609266256,0.018185714285714284,0.9425301827561964
budget_bucket_v23,b2,respond_only,25145,1782,0.07086896003181548,0.07397142857142858,0.9580585558569106
budget_bucket_v23,b1,read_file,4511,462,0.10241631567279982,0.13224285714285713,0.7744563138269405
budget_bucket_v23,b1,grep_search,4511,647,0.14342717800931057,0.1416,1.0129037995007808
budget_bucket_v23,b1,list_directory,4511,134,0.02970516515185103,0.061842857142857144,0.480333000838432
budget_bucket_v23,b1,glob_pattern,4511,365,0.08091332298825094,0.07548571428571428,1.0719024619942403
budget_bucket_v23,b1,edit_file,4511,757,0.1678120150742629,0.15958571428571428,1.051547852045332
budget_bucket_v23,b1,write_file,4511,31,0.006872090445577478,0.021157142857142857,0.32481183740069103
budget_bucket_v23,b1,apply_patch,4511,458,0.10152959432498337,0.0689,1.473579017779149
budget_bucket_v23,b1,run_bash,4511,246,0.0545333628907116,0.0724,0.7532232443468452
budget_bucket_v23,b1,run_tests,4511,390,0.08645533141210375,0.06515714285714286,1.3268741940029078
budget_bucket_v23,b1,lint_or_typecheck,4511,218,0.04832631345599645,0.032614285714285714,1.4817529311956863
budget_bucket_v23,b1,ask_user,4511,133,0.029483484814896918,0.038585714285714286,0.7641036420002904
budget_bucket_v23,b1,plan_task,4511,111,0.02460651740190645,0.038271428571428574,0.6429474498445134
budget_bucket_v23,b1,web_search,4511,110,0.024384837064952338,0.018185714285714284,1.3408787074207886
budget_bucket_v23,b1,respond_only,4511,449,0.09953447129239637,0.07397142857142858,1.3455799518091436
budget_bucket_v23,b0,read_file,495,38,0.07676767676767676,0.13224285714285713,0.5805052796518714
budget_bucket_v23,b0,grep_search,495,27,0.05454545454545454,0.1416,0.38520801232665636
budget_bucket_v23,b0,list_directory,495,16,0.03232323232323232,0.061842857142857144,0.522667189333856
budget_bucket_v23,b0,glob_pattern,495,3,0.006060606060606061,0.07548571428571428,0.08028811965223775
budget_bucket_v23,b0,edit_file,495,48,0.09696969696969697,0.15958571428571428,0.607633943951194
budget_bucket_v23,b0,write_file,495,10,0.020202020202020204,0.021157142857142857,0.954855782674824
budget_bucket_v23,b0,apply_patch,495,22,0.044444444444444446,0.0689,0.6450572488308337
budget_bucket_v23,b0,run_bash,495,18,0.03636363636363636,0.0724,0.502260170768458
budget_bucket_v23,b0,run_tests,495,11,0.022222222222222223,0.06515714285714286,0.3410558113474141
budget_bucket_v23,b0,lint_or_typecheck,495,24,0.048484848484848485,0.032614285714285714,1.4866138387820385
budget_bucket_v23,b0,ask_user,495,104,0.2101010101010101,0.038585714285714286,5.445046540936952
budget_bucket_v23,b0,plan_task,495,18,0.03636363636363636,0.038271428571428574,0.9501510061420475
budget_bucket_v23,b0,web_search,495,16,0.03232323232323232,0.018185714285714284,1.7773969070119897
budget_bucket_v23,b0,respond_only,495,140,0.2828282828282828,0.07397142857142858,3.8234800691347615
